Threads,Size,Time,GFLOPS
1,500,0.422117,0.592253
2,500,0.215045,1.16254
4,500,0.11455,2.18245
8,500,0.061291,4.0789
16,500,0.0510541,4.89677
1,1000,3.47331,0.57582
2,1000,1.79717,1.11286
4,1000,0.951292,2.1024
8,1000,0.514618,3.88638
16,1000,0.444666,4.49775
1,1500,13.8216,0.488367
2,1500,7.30038,0.924609
4,1500,3.88546,1.73725
8,1500,1.99816,3.37811
16,1500,1.65928,4.06803
